{"stats":{"minecraft:picked_up":{"minecraft:salmon":1,"minecraft:wheat_seeds":1,"minecraft:poppy":1,"minecraft:egg":1},"minecraft:custom":{"minecraft:time_since_rest":112268,"minecraft:sprint_one_cm":97981,"minecraft:play_time":112268,"minecraft:damage_taken":90,"minecraft:walk_one_cm":77975,"minecraft:sneak_time":20,"minecraft:walk_under_water_one_cm":22266,"minecraft:jump":1023,"minecraft:walk_on_water_one_cm":8130,"minecraft:leave_game":4,"minecraft:time_since_death":112268,"minecraft:total_world_time":112268,"minecraft:fall_one_cm":3696,"minecraft:fly_one_cm":1090956},"minecraft:mined":{"minecraft:grass":2},"minecraft:used":{"minecraft:warden_spawn_egg":10,"minecraft:redstone_torch":7,"minecraft:wandering_trader_spawn_egg":1,"minecraft:ocelot_spawn_egg":1,"minecraft:water_bucket":71,"minecraft:lava_bucket":13,"minecraft:light_gray_stained_glass":10,"minecraft:daylight_detector":1,"minecraft:bucket":26,"minecraft:iron_golem_spawn_egg":19,"minecraft:chicken_spawn_egg":267,"minecraft:axolotl_spawn_egg":32,"minecraft:egg":466,"minecraft:cat_spawn_egg":1}},"DataVersion":3465}