{"stats":{"minecraft:dropped":{"minecraft:stone_axe":1,"minecraft:cooked_chicken":64},"minecraft:picked_up":{"minecraft:salmon":1,"minecraft:white_banner":2,"minecraft:stone_axe":1,"minecraft:wheat_seeds":1,"minecraft:iron_ingot":4,"minecraft:poppy":2,"minecraft:egg":3},"minecraft:custom":{"minecraft:time_since_rest":181017,"minecraft:walk_one_cm":153325,"minecraft:damage_taken":90,"minecraft:interact_with_furnace":1,"minecraft:sprint_one_cm":170995,"minecraft:drop":65,"minecraft:swim_one_cm":1573,"minecraft:fly_one_cm":1646138,"minecraft:crouch_one_cm":581,"minecraft:play_time":181017,"minecraft:sneak_time":183,"minecraft:walk_under_water_one_cm":33060,"minecraft:jump":1586,"minecraft:eat_cake_slice":14,"minecraft:time_since_death":181017,"minecraft:leave_game":5,"minecraft:walk_on_water_one_cm":13964,"minecraft:total_world_time":181017,"minecraft:fall_one_cm":3696},"minecraft:used":{"minecraft:warden_spawn_egg":10,"minecraft:redstone_torch":7,"minecraft:wandering_trader_spawn_egg":1,"minecraft:water_bucket":95,"minecraft:ender_eye":19,"minecraft:lava_bucket":13,"minecraft:light_gray_stained_glass":10,"minecraft:daylight_detector":1,"minecraft:flint_and_steel":2,"minecraft:command_block":4,"minecraft:lantern":5,"minecraft:chicken_spawn_egg":267,"minecraft:iron_golem_spawn_egg":19,"minecraft:axolotl_spawn_egg":32,"minecraft:vex_spawn_egg":1,"minecraft:cat_spawn_egg":1,"minecraft:ocelot_spawn_egg":1,"minecraft:stray_spawn_egg":1,"minecraft:guardian_spawn_egg":1,"minecraft:bucket":34,"minecraft:campfire":1,"minecraft:end_portal_frame":20,"minecraft:egg":466,"minecraft:lingering_potion":4,"minecraft:cake":12,"minecraft:lightning_rod":3,"minecraft:glow_squid_spawn_egg":2},"minecraft:mined":{"minecraft:grass":2}},"DataVersion":3465}