{"stats":{"minecraft:picked_up":{"minecraft:oak_log":9,"minecraft:sugar_cane":3},"minecraft:custom":{"minecraft:jump":132,"minecraft:time_since_rest":5245,"minecraft:leave_game":1,"minecraft:crouch_one_cm":155,"minecraft:sprint_one_cm":16607,"minecraft:play_time":5245,"minecraft:walk_on_water_one_cm":332,"minecraft:time_since_death":5245,"minecraft:walk_one_cm":7503,"minecraft:sneak_time":74,"minecraft:total_world_time":5245,"minecraft:walk_under_water_one_cm":800,"minecraft:swim_one_cm":2296,"minecraft:fall_one_cm":4563,"minecraft:fly_one_cm":40861},"minecraft:mined":{"minecraft:grass":3,"minecraft:oak_log":9,"minecraft:sugar_cane":2}},"DataVersion":3465}