{"stats":{"minecraft:broken":{"minecraft:iron_shovel":1},"minecraft:dropped":{"minecraft:golden_boots":1,"minecraft:stone_axe":1,"minecraft:oak_trapdoor":1,"minecraft:wheat_seeds":11,"minecraft:mossy_cobblestone":10,"minecraft:stone_shovel":2,"minecraft:cobblestone":2,"minecraft:rotten_flesh":3,"minecraft:fletching_table":1,"minecraft:flint_and_steel":1,"minecraft:stick":2,"minecraft:poppy":1,"minecraft:dirt":361,"minecraft:dark_oak_fence":10,"minecraft:oak_sapling":1,"minecraft:wooden_pickaxe":1,"minecraft:iron_shovel":1},"minecraft:crafted":{"minecraft:oak_slab":198,"minecraft:oak_planks":176,"minecraft:stone_shovel":2,"minecraft:crafting_table":1,"minecraft:wooden_pickaxe":1,"minecraft:stone_axe":1,"minecraft:oak_trapdoor":12,"minecraft:iron_axe":1,"minecraft:stick":20,"minecraft:stone_pickaxe":1,"minecraft:iron_pickaxe":1,"minecraft:chest":2,"minecraft:iron_shovel":1},"minecraft:picked_up":{"minecraft:stripped_oak_log":12,"minecraft:crafting_table":1,"minecraft:oak_log":30,"minecraft:brewing_stand":2,"minecraft:yellow_bed":9,"minecraft:gunpowder":2,"minecraft:dirt":382,"minecraft:flint_and_steel":1,"minecraft:iron_shovel":1,"minecraft:wheat_seeds":12,"minecraft:cartography_table":1,"minecraft:bell":1,"minecraft:grindstone":2,"minecraft:iron_ingot":12,"minecraft:cooked_chicken":64,"minecraft:stripped_oak_wood":2,"minecraft:poppy":3,"minecraft:fletching_table":1,"minecraft:sugar_cane":73,"minecraft:oak_planks":10,"minecraft:furnace":4,"minecraft:oak_slab":2,"minecraft:torch":8,"minecraft:white_bed":3,"minecraft:mossy_cobblestone":10,"minecraft:rotten_flesh":3,"minecraft:oak_sapling":1,"minecraft:dark_oak_fence":12,"minecraft:cobblestone":74},"minecraft:killed":{"minecraft:iron_golem":5,"minecraft:creeper":1,"minecraft:zombie":2},"minecraft:custom":{"minecraft:interact_with_furnace":12,"minecraft:mob_kills":9,"minecraft:interact_with_crafting_table":20,"minecraft:leave_game":2,"minecraft:time_since_death":53913,"minecraft:sleep_in_bed":4,"minecraft:time_since_rest":14469,"minecraft:sprint_one_cm":135980,"minecraft:damage_taken":152,"minecraft:walk_one_cm":142168,"minecraft:drop":26,"minecraft:damage_dealt":5579,"minecraft:swim_one_cm":71283,"minecraft:fly_one_cm":137058,"minecraft:open_chest":15,"minecraft:crouch_one_cm":10583,"minecraft:play_time":53913,"minecraft:sneak_time":5473,"minecraft:walk_under_water_one_cm":6410,"minecraft:jump":580,"minecraft:walk_on_water_one_cm":6623,"minecraft:total_world_time":53913,"minecraft:fall_one_cm":11433},"minecraft:used":{"minecraft:oak_trapdoor":11,"minecraft:iron_shovel":252,"minecraft:flint_and_steel":5,"minecraft:stone_shovel":129,"minecraft:stone_pickaxe":16,"minecraft:oak_planks":17,"minecraft:cartography_table":1,"minecraft:chest":2,"minecraft:wooden_pickaxe":16,"minecraft:sugar_cane":34,"minecraft:cooked_chicken":1,"minecraft:salmon":24,"minecraft:torch":7,"minecraft:dirt":21,"minecraft:oak_slab":124,"minecraft:crafting_table":2,"minecraft:white_bed":3,"minecraft:iron_axe":25,"minecraft:iron_pickaxe":69,"minecraft:stone_axe":101,"minecraft:furnace":4,"minecraft:dark_oak_fence":2,"minecraft:yellow_bed":8},"minecraft:mined":{"minecraft:oak_slab":3,"minecraft:white_bed":3,"minecraft:mossy_cobblestone":10,"minecraft:brewing_stand":2,"minecraft:crafting_table":1,"minecraft:dark_oak_fence":12,"minecraft:grass_block":59,"minecraft:tall_grass":5,"minecraft:cobblestone":58,"minecraft:sugar_cane":35,"minecraft:grindstone":2,"minecraft:oak_planks":12,"minecraft:cartography_table":2,"minecraft:large_fern":4,"minecraft:furnace":4,"minecraft:fire":5,"minecraft:stripped_oak_wood":2,"minecraft:fletching_table":1,"minecraft:yellow_bed":10,"minecraft:bell":1,"minecraft:grass":42,"minecraft:oak_log":30,"minecraft:dirt_path":88,"minecraft:dirt":237,"minecraft:stripped_oak_log":12,"minecraft:stone":16,"minecraft:oak_leaves":7}},"DataVersion":3465}